plate,row,column,well, well_BC_ID,well_BC_seq,experiment,sample,cell_line,stimulus,stim_clean,inhibitor,inhib_new,inhib_conc,inhib_conc_new,inhib_group,iSYK_conc_uM,iBTK_conc_uM,iNFkB_conc_uM,inhib_conc_text,inhib_text_new,replicate,staining,description,descript_rep
A,A,7,A07,8,TAAGCTCTCCCTCAGT,DS113,1,HBL1,aIg+H2O2,Activated,iSYK+iBTK+iNFkB,DMSO ctrl,0 + 0 + 0 uM,DMSO ctrl,DMSO ctrl,0,0,0,0 uM iSYK + 0 uM iBTK + 0 uM iNFkB,DMSO ctrl,rep1,yes,HBL1 - 0 uM iSYK + 0 uM iBTK + 0 uM iNFkB - aIg+H2O2,HBL1 - 0 uM iSYK + 0 uM iBTK + 0 uM iNFkB - aIg+H2O2 - rep1
A,B,7,B07,50,CTAACCCAGTAGCAAC,DS113,2,HBL1,aIg+H2O2,Activated,iSYK+iBTK+iNFkB,iSYK + iBTK + iNFkB,1 + 1 + 1 uM,1 uM each,three_equal,1,1,1,1 uM iSYK + 1 uM iBTK + 1 uM iNFkB,1 uM of iSYK + iBTK + iNFkB,rep1,yes,HBL1 - 1 uM iSYK + 1 uM iBTK + 1 uM iNFkB - aIg+H2O2,HBL1 - 1 uM iSYK + 1 uM iBTK + 1 uM iNFkB - aIg+H2O2 - rep1
A,C,7,C07,51,CTAGGTAAGTGCATAG,DS113,3,HBL1,aIg+H2O2,Activated,iSYK+iBTK+iNFkB,iSYK + iBTK + iNFkB,2.5 + 2.5 + 2.5 uM,2.5 uM each,three_equal,2.5,2.5,2.5,2.5 uM iSYK + 2.5 uM iBTK + 2.5 uM iNFkB,2.5 uM of iSYK + iBTK + iNFkB,rep1,yes,HBL1 - 2.5 uM iSYK + 2.5 uM iBTK + 2.5 uM iNFkB - aIg+H2O2,HBL1 - 2.5 uM iSYK + 2.5 uM iBTK + 2.5 uM iNFkB - aIg+H2O2 - rep1
A,D,7,D07,52,CTCAGTCCAAACTAGA,DS113,4,HBL1,aIg+H2O2,Activated,iSYK+iBTK+iNFkB,iSYK + iBTK + iNFkB,10 + 10 + 10 uM,10 uM each,three_equal,10,10,10,10 uM iSYK + 10 uM iBTK + 10 uM iNFkB,10 uM of iSYK + iBTK + iNFkB,rep1,yes,HBL1 - 10 uM iSYK + 10 uM iBTK + 10 uM iNFkB - aIg+H2O2,HBL1 - 10 uM iSYK + 10 uM iBTK + 10 uM iNFkB - aIg+H2O2 - rep1
A,E,7,E07,53,CTCCTCCCAAGCGTCC,DS113,5,HBL1,aIg+H2O2,Activated,iSYK+iBTK+iNFkB,iSYK,10 + 0 + 0 uM,10 uM iSYK,single,10,0,0,10 uM iSYK + 0 uM iBTK + 0 uM iNFkB,10 uM iSYK,rep1,yes,HBL1 - 10 uM iSYK + 0 uM iBTK + 0 uM iNFkB - aIg+H2O2,HBL1 - 10 uM iSYK + 0 uM iBTK + 0 uM iNFkB - aIg+H2O2 - rep1
A,F,7,F07,54,CTGCAGGCACACTACA,DS113,6,HBL1,aIg+H2O2,Activated,iSYK+iBTK+iNFkB,iBTK,0 + 10 + 0 uM,10 uM iBTK,single,0,10,0,0 uM iSYK + 10 uM iBTK + 0 uM iNFkB,10 uM iBTK,rep1,yes,HBL1 - 0 uM iSYK + 10 uM iBTK + 0 uM iNFkB - aIg+H2O2,HBL1 - 0 uM iSYK + 10 uM iBTK + 0 uM iNFkB - aIg+H2O2 - rep1
A,G,7,G07,55,CTGTAGACACGGATTT,DS113,7,HBL1,aIg+H2O2,Activated,iSYK+iBTK+iNFkB,iNFkB,0 + 0 + 10 uM,10 uM iNFkB,single,0,0,10,0 uM iSYK + 0 uM iBTK + 10 uM iNFkB,10 uM iNFkB,rep1,yes,HBL1 - 0 uM iSYK + 0 uM iBTK + 10 uM iNFkB - aIg+H2O2,HBL1 - 0 uM iSYK + 0 uM iBTK + 10 uM iNFkB - aIg+H2O2 - rep1
A,H,7,H07,56,CTTCGGTCAGAGGAAA,DS113,8,HBL1,PBS,Basal,iSYK+iBTK+iNFkB,DMSO ctrl,0 + 0 + 0 uM,DMSO ctrl,DMSO ctrl,0,0,0,0 uM iSYK + 0 uM iBTK + 0 uM iNFkB,DMSO ctrl,rep1,yes,HBL1 - 0 uM iSYK + 0 uM iBTK + 0 uM iNFkB - PBS,HBL1 - 0 uM iSYK + 0 uM iBTK + 0 uM iNFkB - PBS - rep1
A,A,8,A08,57,GAACGTTCAGGTGGAT,DS113,9,HBL1,aIg+H2O2,Activated,iSYK+iBTK+iNFkB,iSYK + iBTK,2.5 + 2.5 + 0 uM,2.5 + 2.5 + 0 uM,two,2.5,2.5,0,2.5 uM iSYK + 2.5 uM iBTK + 0 uM iNFkB,2.5 uM of iSYK + iBTK,rep1,yes,HBL1 - 2.5 uM iSYK + 2.5 uM iBTK + 0 uM iNFkB - aIg+H2O2,HBL1 - 2.5 uM iSYK + 2.5 uM iBTK + 0 uM iNFkB - aIg+H2O2 - rep1
A,B,8,B08,58,GAATCGTCATCAGTGT,DS113,10,HBL1,aIg+H2O2,Activated,iSYK+iBTK+iNFkB,iSYK +iNFkB,2.5 + 0 + 2.5 uM,2.5 + 0 + 2.5 uM,two,2.5,0,2.5,2.5 uM iSYK + 0 uM iBTK + 2.5 uM iNFkB,2.5 uM of iSYK + iNFkB,rep1,yes,HBL1 - 2.5 uM iSYK + 0 uM iBTK + 2.5 uM iNFkB - aIg+H2O2,HBL1 - 2.5 uM iSYK + 0 uM iBTK + 2.5 uM iNFkB - aIg+H2O2 - rep1
A,C,8,C08,59,GACGTTACATTAGTCG,DS113,11,HBL1,aIg+H2O2,Activated,iSYK+iBTK+iNFkB,iBTK + iNFkB,0 + 2.5 + 2.5 uM,0 + 2.5 + 2.5 uM,two,0,2.5,2.5,0 uM iSYK + 2.5 uM iBTK + 2.5 uM iNFkB,2.5 uM of iBTK + iNFkB,rep1,yes,HBL1 - 0 uM iSYK + 2.5 uM iBTK + 2.5 uM iNFkB - aIg+H2O2,HBL1 - 0 uM iSYK + 2.5 uM iBTK + 2.5 uM iNFkB - aIg+H2O2 - rep1
A,D,8,D08,60,GAGATGGGTACGTGTT,DS113,12,HBL1,aIg+H2O2,Activated,iSYK+iBTK+iNFkB,iSYK + iBTK + iNFkB,5 + 1 + 1 uM,5 + 1 + 1 uM,three_mix,5,1,1,5 uM iSYK + 1 uM iBTK + 1 uM iNFkB,5 uM iSYK + 1 uM of iBTK + iNFkB,rep1,yes,HBL1 - 5 uM iSYK + 1 uM iBTK + 1 uM iNFkB - aIg+H2O2,HBL1 - 5 uM iSYK + 1 uM iBTK + 1 uM iNFkB - aIg+H2O2 - rep1
A,E,8,E08,61,GAGTGTTGTATGGTAA,DS113,13,HBL1,aIg+H2O2,Activated,iSYK+iBTK+iNFkB,iSYK + iBTK + iNFkB,1 + 5 + 1 uM,1 + 5 + 1 uM,three_mix,1,5,1,1 uM iSYK + 5 uM iBTK + 1 uM iNFkB,5 uM iBTK + 1 uM of iSYK + iNFkB,rep1,yes,HBL1 - 1 uM iSYK + 5 uM iBTK + 1 uM iNFkB - aIg+H2O2,HBL1 - 1 uM iSYK + 5 uM iBTK + 1 uM iNFkB - aIg+H2O2 - rep1
A,F,8,F08,62,GATCGTAGTCCTCATC,DS113,14,HBL1,aIg+H2O2,Activated,iSYK+iBTK+iNFkB,iSYK + iBTK + iNFkB,1 + 1 + 5 uM,1 + 1 + 5 uM,three_mix,1,1,5,1 uM iSYK + 1 uM iBTK + 5 uM iNFkB,5 uM iNFkB + 1 uM of iSYK + iBTK,rep1,yes,HBL1 - 1 uM iSYK + 1 uM iBTK + 5 uM iNFkB - aIg+H2O2,HBL1 - 1 uM iSYK + 1 uM iBTK + 5 uM iNFkB - aIg+H2O2 - rep1
A,G,8,G08,63,GATTTCTGTCTTGGTA,DS113,15,HBL1,aIg+H2O2,Activated,iSYK+iBTK+iNFkB,iSYK + iBTK + iNFkB,10 + 10 + 10 uM (nostain),10 uM each (nostain),three_equal,10,10,10,10 uM iSYK + 10 uM iBTK + 10 uM iNFkB (nostain),10 uM of iSYK + iBTK + iNFkB (nostain),rep1,no,HBL1 - 10 uM iSYK + 10 uM iBTK + 10 uM iNFkB (nostain) - aIg+H2O2 (nostain),HBL1 - 10 uM iSYK + 10 uM iBTK + 10 uM iNFkB (nostain) - aIg+H2O2 (nostain) - rep1
A,H,8,H08,64,GCAGTTAGTGGAACCA,DS113,16,HBL1,PBS,Basal,iSYK+iBTK+iNFkB,iSYK + iBTK + iNFkB,10 + 10 + 10 uM,10 uM each,three_equal,10,10,10,10 uM iSYK + 10 uM iBTK + 10 uM iNFkB,10 uM of iSYK + iBTK + iNFkB,rep1,yes,HBL1 - 10 uM iSYK + 10 uM iBTK + 10 uM iNFkB - PBS,HBL1 - 10 uM iSYK + 10 uM iBTK + 10 uM iNFkB - PBS - rep1
A,A,9,A09,65,GCCATTCGTTACATCG,DS113,17,HBL1,aIg+H2O2,Activated,iSYK+iBTK+iNFkB,DMSO ctrl,0 + 0 + 0 uM,DMSO ctrl,DMSO ctrl,0,0,0,0 uM iSYK + 0 uM iBTK + 0 uM iNFkB,DMSO ctrl,rep2,yes,HBL1 - 0 uM iSYK + 0 uM iBTK + 0 uM iNFkB - aIg+H2O2,HBL1 - 0 uM iSYK + 0 uM iBTK + 0 uM iNFkB - aIg+H2O2 - rep2
A,B,9,B09,66,GCGTGCAGTTGCTAGT,DS113,18,HBL1,aIg+H2O2,Activated,iSYK+iBTK+iNFkB,iSYK + iBTK + iNFkB,1 + 1 + 1 uM,1 uM each,three_equal,1,1,1,1 uM iSYK + 1 uM iBTK + 1 uM iNFkB,1 uM of iSYK + iBTK + iNFkB,rep2,yes,HBL1 - 1 uM iSYK + 1 uM iBTK + 1 uM iNFkB - aIg+H2O2,HBL1 - 1 uM iSYK + 1 uM iBTK + 1 uM iNFkB - aIg+H2O2 - rep2
A,C,9,C09,67,GCTTTCGTCAAGTCTG,DS113,19,HBL1,aIg+H2O2,Activated,iSYK+iBTK+iNFkB,iSYK + iBTK + iNFkB,2.5 + 2.5 + 2.5 uM,2.5 uM each,three_equal,2.5,2.5,2.5,2.5 uM iSYK + 2.5 uM iBTK + 2.5 uM iNFkB,2.5 uM of iSYK + iBTK + iNFkB,rep2,yes,HBL1 - 2.5 uM iSYK + 2.5 uM iBTK + 2.5 uM iNFkB - aIg+H2O2,HBL1 - 2.5 uM iSYK + 2.5 uM iBTK + 2.5 uM iNFkB - aIg+H2O2 - rep2
A,D,9,D09,68,GGAGGTATCAGGAAGC,DS113,20,HBL1,aIg+H2O2,Activated,iSYK+iBTK+iNFkB,iSYK + iBTK + iNFkB,10 + 10 + 10 uM,10 uM each,three_equal,10,10,10,10 uM iSYK + 10 uM iBTK + 10 uM iNFkB,10 uM of iSYK + iBTK + iNFkB,rep2,yes,HBL1 - 10 uM iSYK + 10 uM iBTK + 10 uM iNFkB - aIg+H2O2,HBL1 - 10 uM iSYK + 10 uM iBTK + 10 uM iNFkB - aIg+H2O2 - rep2
A,E,9,E09,69,GGGACAATCCACAGCG,DS113,21,HBL1,aIg+H2O2,Activated,iSYK+iBTK+iNFkB,iSYK,10 + 0 + 0 uM,10 uM iSYK,single,10,0,0,10 uM iSYK + 0 uM iBTK + 0 uM iNFkB,10 uM iSYK,rep2,yes,HBL1 - 10 uM iSYK + 0 uM iBTK + 0 uM iNFkB - aIg+H2O2,HBL1 - 10 uM iSYK + 0 uM iBTK + 0 uM iNFkB - aIg+H2O2 - rep2
A,F,9,F09,70,GGGCTCATCCGATAGT,DS113,22,HBL1,aIg+H2O2,Activated,iSYK+iBTK+iNFkB,iBTK,0 + 10 + 0 uM,10 uM iBTK,single,0,10,0,0 uM iSYK + 10 uM iBTK + 0 uM iNFkB,10 uM iBTK,rep2,yes,HBL1 - 0 uM iSYK + 10 uM iBTK + 0 uM iNFkB - aIg+H2O2,HBL1 - 0 uM iSYK + 10 uM iBTK + 0 uM iNFkB - aIg+H2O2 - rep2
A,G,9,G09,71,GGTAATCTCGAACATT,DS113,23,HBL1,aIg+H2O2,Activated,iSYK+iBTK+iNFkB,iNFkB,0 + 0 + 10 uM,10 uM iNFkB,single,0,0,10,0 uM iSYK + 0 uM iBTK + 10 uM iNFkB,10 uM iNFkB,rep2,yes,HBL1 - 0 uM iSYK + 0 uM iBTK + 10 uM iNFkB - aIg+H2O2,HBL1 - 0 uM iSYK + 0 uM iBTK + 10 uM iNFkB - aIg+H2O2 - rep2
A,H,9,H09,72,GGTTCTCTCGCTGACG,DS113,24,HBL1,PBS,Basal,iSYK+iBTK+iNFkB,DMSO ctrl,0 + 0 + 0 uM,DMSO ctrl,DMSO ctrl,0,0,0,0 uM iSYK + 0 uM iBTK + 0 uM iNFkB,DMSO ctrl,rep2,yes,HBL1 - 0 uM iSYK + 0 uM iBTK + 0 uM iNFkB - PBS,HBL1 - 0 uM iSYK + 0 uM iBTK + 0 uM iNFkB - PBS - rep2
A,A,10,A10,73,GTAGAGGTCGTTACCC,DS113,25,HBL1,aIg+H2O2,Activated,iSYK+iBTK+iNFkB,iSYK + iBTK,2.5 + 2.5 + 0 uM,2.5 + 2.5 + 0 uM,two,2.5,2.5,0,2.5 uM iSYK + 2.5 uM iBTK + 0 uM iNFkB,2.5 uM of iSYK + iBTK,rep2,yes,HBL1 - 2.5 uM iSYK + 2.5 uM iBTK + 0 uM iNFkB - aIg+H2O2,HBL1 - 2.5 uM iSYK + 2.5 uM iBTK + 0 uM iNFkB - aIg+H2O2 - rep2
A,B,10,B10,74,GTCACGGTCTCGACCT,DS113,26,HBL1,aIg+H2O2,Activated,iSYK+iBTK+iNFkB,iSYK +iNFkB,2.5 + 0 + 2.5 uM,2.5 + 0 + 2.5 uM,two,2.5,0,2.5,2.5 uM iSYK + 0 uM iBTK + 2.5 uM iNFkB,2.5 uM of iSYK + iNFkB,rep2,yes,HBL1 - 2.5 uM iSYK + 0 uM iBTK + 2.5 uM iNFkB - aIg+H2O2,HBL1 - 2.5 uM iSYK + 0 uM iBTK + 2.5 uM iNFkB - aIg+H2O2 - rep2
A,C,10,C10,75,GTCGCGATCTTCCGGC,DS113,27,HBL1,aIg+H2O2,Activated,iSYK+iBTK+iNFkB,iBTK + iNFkB,0 + 2.5 + 2.5 uM,0 + 2.5 + 2.5 uM,two,0,2.5,2.5,0 uM iSYK + 2.5 uM iBTK + 2.5 uM iNFkB,2.5 uM of iBTK + iNFkB,rep2,yes,HBL1 - 0 uM iSYK + 2.5 uM iBTK + 2.5 uM iNFkB - aIg+H2O2,HBL1 - 0 uM iSYK + 2.5 uM iBTK + 2.5 uM iNFkB - aIg+H2O2 - rep2
A,D,10,D10,76,GTGAGTTAGACCATAG,DS113,28,HBL1,aIg+H2O2,Activated,iSYK+iBTK+iNFkB,iSYK + iBTK + iNFkB,5 + 1 + 1 uM,5 + 1 + 1 uM,three_mix,5,1,1,5 uM iSYK + 1 uM iBTK + 1 uM iNFkB,5 uM iSYK + 1 uM of iBTK + iNFkB,rep2,yes,HBL1 - 5 uM iSYK + 1 uM iBTK + 1 uM iNFkB - aIg+H2O2,HBL1 - 5 uM iSYK + 1 uM iBTK + 1 uM iNFkB - aIg+H2O2 - rep2
A,E,10,E10,77,GTGGGAAAGATACAGC,DS113,29,HBL1,aIg+H2O2,Activated,iSYK+iBTK+iNFkB,iSYK + iBTK + iNFkB,1 + 5 + 1 uM,1 + 5 + 1 uM,three_mix,1,5,1,1 uM iSYK + 5 uM iBTK + 1 uM iNFkB,5 uM iBTK + 1 uM of iSYK + iNFkB,rep2,yes,HBL1 - 1 uM iSYK + 5 uM iBTK + 1 uM iNFkB - aIg+H2O2,HBL1 - 1 uM iSYK + 5 uM iBTK + 1 uM iNFkB - aIg+H2O2 - rep2
A,F,10,F10,78,GTTACGAAGCATAGAC,DS113,30,HBL1,aIg+H2O2,Activated,iSYK+iBTK+iNFkB,iSYK + iBTK + iNFkB,1 + 1 + 5 uM,1 + 1 + 5 uM,three_mix,1,1,5,1 uM iSYK + 1 uM iBTK + 5 uM iNFkB,5 uM iNFkB + 1 uM of iSYK + iBTK,rep2,yes,HBL1 - 1 uM iSYK + 1 uM iBTK + 5 uM iNFkB - aIg+H2O2,HBL1 - 1 uM iSYK + 1 uM iBTK + 5 uM iNFkB - aIg+H2O2 - rep2
A,G,10,G10,79,GTTGCTCAGCGTATAG,DS113,31,HBL1,aIg+H2O2,Activated,iSYK+iBTK+iNFkB,iSYK + iBTK + iNFkB,10 + 10 + 10 uM (nostain),10 uM each (nostain),three_equal,10,10,10,10 uM iSYK + 10 uM iBTK + 10 uM iNFkB (nostain),10 uM of iSYK + iBTK + iNFkB (nostain),rep2,no,HBL1 - 10 uM iSYK + 10 uM iBTK + 10 uM iNFkB (nostain) - aIg+H2O2 (nostain),HBL1 - 10 uM iSYK + 10 uM iBTK + 10 uM iNFkB (nostain) - aIg+H2O2 (nostain) - rep2
A,H,10,H10,80,TAAGCACAGGAGAATG,DS113,32,HBL1,PBS,Basal,iSYK+iBTK+iNFkB,iSYK + iBTK + iNFkB,10 + 10 + 10 uM,10 uM each,three_equal,10,10,10,10 uM iSYK + 10 uM iBTK + 10 uM iNFkB,10 uM of iSYK + iBTK + iNFkB,rep2,yes,HBL1 - 10 uM iSYK + 10 uM iBTK + 10 uM iNFkB - PBS,HBL1 - 10 uM iSYK + 10 uM iBTK + 10 uM iNFkB - PBS - rep2
A,A,11,A11,81,TACCCACAGGGCATGT,DS113,33,HBL1,aIg+H2O2,Activated,iSYK+iBTK+iNFkB,DMSO ctrl,0 + 0 + 0 uM,DMSO ctrl,DMSO ctrl,0,0,0,0 uM iSYK + 0 uM iBTK + 0 uM iNFkB,DMSO ctrl,rep3,yes,HBL1 - 0 uM iSYK + 0 uM iBTK + 0 uM iNFkB - aIg+H2O2,HBL1 - 0 uM iSYK + 0 uM iBTK + 0 uM iNFkB - aIg+H2O2 - rep3
A,B,11,B11,82,TACTGCCAGTAATTGG,DS113,34,HBL1,aIg+H2O2,Activated,iSYK+iBTK+iNFkB,iSYK + iBTK + iNFkB,1 + 1 + 1 uM,1 uM each,three_equal,1,1,1,1 uM iSYK + 1 uM iBTK + 1 uM iNFkB,1 uM of iSYK + iBTK + iNFkB,rep3,yes,HBL1 - 1 uM iSYK + 1 uM iBTK + 1 uM iNFkB - aIg+H2O2,HBL1 - 1 uM iSYK + 1 uM iBTK + 1 uM iNFkB - aIg+H2O2 - rep3
A,C,11,C11,83,TAGGGTTAGTGAACAT,DS113,35,HBL1,aIg+H2O2,Activated,iSYK+iBTK+iNFkB,iSYK + iBTK + iNFkB,2.5 + 2.5 + 2.5 uM,2.5 uM each,three_equal,2.5,2.5,2.5,2.5 uM iSYK + 2.5 uM iBTK + 2.5 uM iNFkB,2.5 uM of iSYK + iBTK + iNFkB,rep3,yes,HBL1 - 2.5 uM iSYK + 2.5 uM iBTK + 2.5 uM iNFkB - aIg+H2O2,HBL1 - 2.5 uM iSYK + 2.5 uM iBTK + 2.5 uM iNFkB - aIg+H2O2 - rep3
A,D,11,D11,84,TATCTTGAGTTTCCAA,DS113,36,HBL1,aIg+H2O2,Activated,iSYK+iBTK+iNFkB,iSYK + iBTK + iNFkB,10 + 10 + 10 uM,10 uM each,three_equal,10,10,10,10 uM iSYK + 10 uM iBTK + 10 uM iNFkB,10 uM of iSYK + iBTK + iNFkB,rep3,yes,HBL1 - 10 uM iSYK + 10 uM iBTK + 10 uM iNFkB - aIg+H2O2,HBL1 - 10 uM iSYK + 10 uM iBTK + 10 uM iNFkB - aIg+H2O2 - rep3
A,E,11,E11,85,TCAATTCCAAGACGAC,DS113,37,HBL1,aIg+H2O2,Activated,iSYK+iBTK+iNFkB,iSYK,10 + 0 + 0 uM,10 uM iSYK,single,10,0,0,10 uM iSYK + 0 uM iBTK + 0 uM iNFkB,10 uM iSYK,rep3,yes,HBL1 - 10 uM iSYK + 0 uM iBTK + 0 uM iNFkB - aIg+H2O2,HBL1 - 10 uM iSYK + 0 uM iBTK + 0 uM iNFkB - aIg+H2O2 - rep3
A,F,11,F11,86,TCAGGGCCACAACGAG,DS113,38,HBL1,aIg+H2O2,Activated,iSYK+iBTK+iNFkB,iBTK,0 + 10 + 0 uM,10 uM iBTK,single,0,10,0,0 uM iSYK + 10 uM iBTK + 0 uM iNFkB,10 uM iBTK,rep3,yes,HBL1 - 0 uM iSYK + 10 uM iBTK + 0 uM iNFkB - aIg+H2O2,HBL1 - 0 uM iSYK + 10 uM iBTK + 0 uM iNFkB - aIg+H2O2 - rep3
A,G,11,G11,87,TCATGCCCACGAGGAT,DS113,39,HBL1,aIg+H2O2,Activated,iSYK+iBTK+iNFkB,iNFkB,0 + 0 + 10 uM,10 uM iNFkB,single,0,0,10,0 uM iSYK + 0 uM iBTK + 10 uM iNFkB,10 uM iNFkB,rep3,yes,HBL1 - 0 uM iSYK + 0 uM iBTK + 10 uM iNFkB - aIg+H2O2,HBL1 - 0 uM iSYK + 0 uM iBTK + 10 uM iNFkB - aIg+H2O2 - rep3
A,H,11,H11,88,TCCATCGCAGACCAGA,DS113,40,HBL1,PBS,Basal,iSYK+iBTK+iNFkB,DMSO ctrl,0 + 0 + 0 uM,DMSO ctrl,DMSO ctrl,0,0,0,0 uM iSYK + 0 uM iBTK + 0 uM iNFkB,DMSO ctrl,rep3,yes,HBL1 - 0 uM iSYK + 0 uM iBTK + 0 uM iNFkB - PBS,HBL1 - 0 uM iSYK + 0 uM iBTK + 0 uM iNFkB - PBS - rep3
A,A,12,A12,89,TCCTCCCCAGGCGTTC,DS113,41,HBL1,aIg+H2O2,Activated,iSYK+iBTK+iNFkB,iSYK + iBTK,2.5 + 2.5 + 0 uM,2.5 + 2.5 + 0 uM,two,2.5,2.5,0,2.5 uM iSYK + 2.5 uM iBTK + 0 uM iNFkB,2.5 uM of iSYK + iBTK,rep3,yes,HBL1 - 2.5 uM iSYK + 2.5 uM iBTK + 0 uM iNFkB - aIg+H2O2,HBL1 - 2.5 uM iSYK + 2.5 uM iBTK + 0 uM iNFkB - aIg+H2O2 - rep3
A,B,12,B12,90,TCGATTTCATAGTCGT,DS113,42,HBL1,aIg+H2O2,Activated,iSYK+iBTK+iNFkB,iSYK +iNFkB,2.5 + 0 + 2.5 uM,2.5 + 0 + 2.5 uM,two,2.5,0,2.5,2.5 uM iSYK + 0 uM iBTK + 2.5 uM iNFkB,2.5 uM of iSYK + iNFkB,rep3,yes,HBL1 - 2.5 uM iSYK + 0 uM iBTK + 2.5 uM iNFkB - aIg+H2O2,HBL1 - 2.5 uM iSYK + 0 uM iBTK + 2.5 uM iNFkB - aIg+H2O2 - rep3
A,C,12,C12,91,TCGTAGACATGTCAGT,DS113,43,HBL1,aIg+H2O2,Activated,iSYK+iBTK+iNFkB,iBTK + iNFkB,0 + 2.5 + 2.5 uM,0 + 2.5 + 2.5 uM,two,0,2.5,2.5,0 uM iSYK + 2.5 uM iBTK + 2.5 uM iNFkB,2.5 uM of iBTK + iNFkB,rep3,yes,HBL1 - 0 uM iSYK + 2.5 uM iBTK + 2.5 uM iNFkB - aIg+H2O2,HBL1 - 0 uM iSYK + 2.5 uM iBTK + 2.5 uM iNFkB - aIg+H2O2 - rep3
A,D,12,D12,92,TCTCAGCGTACCGCTG,DS113,44,HBL1,aIg+H2O2,Activated,iSYK+iBTK+iNFkB,iSYK + iBTK + iNFkB,5 + 1 + 1 uM,5 + 1 + 1 uM,three_mix,5,1,1,5 uM iSYK + 1 uM iBTK + 1 uM iNFkB,5 uM iSYK + 1 uM of iBTK + iNFkB,rep3,yes,HBL1 - 5 uM iSYK + 1 uM iBTK + 1 uM iNFkB - aIg+H2O2,HBL1 - 5 uM iSYK + 1 uM iBTK + 1 uM iNFkB - aIg+H2O2 - rep3
A,E,12,E12,93,TGAACGTGTATCGAGG,DS113,45,HBL1,aIg+H2O2,Activated,iSYK+iBTK+iNFkB,iSYK + iBTK + iNFkB,1 + 5 + 1 uM,1 + 5 + 1 uM,three_mix,1,5,1,1 uM iSYK + 5 uM iBTK + 1 uM iNFkB,5 uM iBTK + 1 uM of iSYK + iNFkB,rep3,yes,HBL1 - 1 uM iSYK + 5 uM iBTK + 1 uM iNFkB - aIg+H2O2,HBL1 - 1 uM iSYK + 5 uM iBTK + 1 uM iNFkB - aIg+H2O2 - rep3
A,F,12,F12,94,TGAGGAGGTCCCGTGA,DS113,46,HBL1,aIg+H2O2,Activated,iSYK+iBTK+iNFkB,iSYK + iBTK + iNFkB,1 + 1 + 5 uM,1 + 1 + 5 uM,three_mix,1,1,5,1 uM iSYK + 1 uM iBTK + 5 uM iNFkB,5 uM iNFkB + 1 uM of iSYK + iBTK,rep3,yes,HBL1 - 1 uM iSYK + 1 uM iBTK + 5 uM iNFkB - aIg+H2O2,HBL1 - 1 uM iSYK + 1 uM iBTK + 5 uM iNFkB - aIg+H2O2 - rep3
A,G,12,G12,95,TGCACGGGTCTGCGCA,DS113,47,HBL1,aIg+H2O2,Activated,iSYK+iBTK+iNFkB,iSYK + iBTK + iNFkB,10 + 10 + 10 uM (nostain),10 uM each (nostain),three_equal,10,10,10,10 uM iSYK + 10 uM iBTK + 10 uM iNFkB (nostain),10 uM of iSYK + iBTK + iNFkB (nostain),rep3,no,HBL1 - 10 uM iSYK + 10 uM iBTK + 10 uM iNFkB (nostain) - aIg+H2O2 (nostain),HBL1 - 10 uM iSYK + 10 uM iBTK + 10 uM iNFkB (nostain) - aIg+H2O2 (nostain) - rep3
A,H,12,H12,96,TGCGGGTGTGCGTCGT,DS113,48,HBL1,PBS,Basal,iSYK+iBTK+iNFkB,iSYK + iBTK + iNFkB,10 + 10 + 10 uM,10 uM each,three_equal,10,10,10,10 uM iSYK + 10 uM iBTK + 10 uM iNFkB,10 uM of iSYK + iBTK + iNFkB,rep3,yes,HBL1 - 10 uM iSYK + 10 uM iBTK + 10 uM iNFkB - PBS,HBL1 - 10 uM iSYK + 10 uM iBTK + 10 uM iNFkB - PBS - rep3
A,A,1,A01,1,AATAACACCTCGAATC,NA,NA,NA,NA,,NA,,NA,NA,NA,NA,NA,NA,NA,NA,NA,NA,NA,NA
A,B,1,B01,2,ACTATCACTTGGCATG,NA,NA,NA,NA,,NA,,NA,NA,NA,NA,NA,NA,NA,NA,NA,NA,NA,NA
A,C,1,C01,3,ATAACATGATCGACAC,NA,NA,NA,NA,,NA,,NA,NA,NA,NA,NA,NA,NA,NA,NA,NA,NA,NA
A,D,1,D01,4,CAGCTAGATGAAGAAG,NA,NA,NA,NA,,NA,,NA,NA,NA,NA,NA,NA,NA,NA,NA,NA,NA,NA
A,E,1,E01,5,CGCCGAGAAACAGACA,NA,NA,NA,NA,,NA,,NA,NA,NA,NA,NA,NA,NA,NA,NA,NA,NA,NA
A,F,1,F01,6,GATATAACTGGTTGCT,NA,NA,NA,NA,,NA,,NA,NA,NA,NA,NA,NA,NA,NA,NA,NA,NA,NA
A,G,1,G01,7,GCGGACTGTTTGTCGA,NA,NA,NA,NA,,NA,,NA,NA,NA,NA,NA,NA,NA,NA,NA,NA,NA,NA
A,H,1,H01,16,ACAAAGAAGGCAGGTT,NA,NA,NA,NA,,NA,,NA,NA,NA,NA,NA,NA,NA,NA,NA,NA,NA,NA
A,A,2,A02,9,TCGTTATGTCCTGCTT,NA,NA,NA,NA,,NA,,NA,NA,NA,NA,NA,NA,NA,NA,NA,NA,NA,NA
A,B,2,B02,10,TGTGAGTGCCTCACCA,NA,NA,NA,NA,,NA,,NA,NA,NA,NA,NA,NA,NA,NA,NA,NA,NA,NA
A,C,2,C02,11,AAACCCAAGAAACACT,NA,NA,NA,NA,,NA,,NA,NA,NA,NA,NA,NA,NA,NA,NA,NA,NA,NA
A,D,2,D02,12,AACAAAGAGACTGATG,NA,NA,NA,NA,,NA,,NA,NA,NA,NA,NA,NA,NA,NA,NA,NA,NA,NA
A,E,2,E02,13,AACCTTTAGATGGGCT,NA,NA,NA,NA,,NA,,NA,NA,NA,NA,NA,NA,NA,NA,NA,NA,NA,NA
A,F,2,F02,14,AAGCCATAGCCGAGGT,NA,NA,NA,NA,,NA,,NA,NA,NA,NA,NA,NA,NA,NA,NA,NA,NA,NA
A,G,2,G02,15,AATCACGAGCTCCACG,NA,NA,NA,NA,,NA,,NA,NA,NA,NA,NA,NA,NA,NA,NA,NA,NA,NA
A,H,2,H02,24,AGCGTATCAGATTGGG,NA,NA,NA,NA,,NA,,NA,NA,NA,NA,NA,NA,NA,NA,NA,NA,NA,NA
A,A,3,A03,17,ACATCCCAGGTAGCAC,NA,NA,NA,NA,,NA,,NA,NA,NA,NA,NA,NA,NA,NA,NA,NA,NA,NA
A,B,3,B03,18,ACCCTTGAGTATGACA,NA,NA,NA,NA,,NA,,NA,NA,NA,NA,NA,NA,NA,NA,NA,NA,NA,NA
A,C,3,C03,19,ACGGTCGAGTGGCAGT,NA,NA,NA,NA,,NA,,NA,NA,NA,NA,NA,NA,NA,NA,NA,NA,NA,NA
A,D,3,D03,20,ACTATTCCAAATACGA,NA,NA,NA,NA,,NA,,NA,NA,NA,NA,NA,NA,NA,NA,NA,NA,NA,NA
A,E,3,E03,21,ACTTCGCCAAGGTTTC,NA,NA,NA,NA,,NA,,NA,NA,NA,NA,NA,NA,NA,NA,NA,NA,NA,NA
A,F,3,F03,22,AGACAGGCACATACCA,NA,NA,NA,NA,,NA,,NA,NA,NA,NA,NA,NA,NA,NA,NA,NA,NA,NA
A,G,3,G03,23,AGATCGTCACGTTCGG,NA,NA,NA,NA,,NA,,NA,NA,NA,NA,NA,NA,NA,NA,NA,NA,NA,NA
A,H,3,H03,32,ATGGGTTGTGGCGATA,NA,NA,NA,NA,,NA,,NA,NA,NA,NA,NA,NA,NA,NA,NA,NA,NA,NA
A,A,4,A04,25,AGGATAACAGTCATGT,NA,NA,NA,NA,,NA,,NA,NA,NA,NA,NA,NA,NA,NA,NA,NA,NA,NA
A,B,4,B04,26,AGGGTTTCATCGATAC,NA,NA,NA,NA,,NA,,NA,NA,NA,NA,NA,NA,NA,NA,NA,NA,NA,NA
A,C,4,C04,27,AGTAGCTCATTGCAGT,NA,NA,NA,NA,,NA,,NA,NA,NA,NA,NA,NA,NA,NA,NA,NA,NA,NA
A,D,4,D04,28,AGTTAGCGTAGACAGC,NA,NA,NA,NA,,NA,,NA,NA,NA,NA,NA,NA,NA,NA,NA,NA,NA,NA
A,E,4,E04,29,ATCACAGGTCAACCAT,NA,NA,NA,NA,,NA,,NA,NA,NA,NA,NA,NA,NA,NA,NA,NA,NA,NA
A,F,4,F04,30,ATCGATGGTCGAGATG,NA,NA,NA,NA,,NA,,NA,NA,NA,NA,NA,NA,NA,NA,NA,NA,NA,NA
A,G,4,G04,31,ATGACCAGTGACAGGT,NA,NA,NA,NA,,NA,,NA,NA,NA,NA,NA,NA,NA,NA,NA,NA,NA,NA
A,H,4,H04,40,CATGCAATCGGAGGTG,NA,NA,NA,NA,,NA,,NA,NA,NA,NA,NA,NA,NA,NA,NA,NA,NA,NA
A,A,5,A05,33,ATTCCATGTTAGGTAA,NA,NA,NA,NA,,NA,,NA,NA,NA,NA,NA,NA,NA,NA,NA,NA,NA,NA
A,B,5,B05,34,ATTTCTGGTTGTACGT,NA,NA,NA,NA,,NA,,NA,NA,NA,NA,NA,NA,NA,NA,NA,NA,NA,NA
A,C,5,C05,35,CAAGCTATCACAGCGT,NA,NA,NA,NA,,NA,,NA,NA,NA,NA,NA,NA,NA,NA,NA,NA,NA,NA
A,D,5,D05,36,CACATGATCAGTCGAC,NA,NA,NA,NA,,NA,,NA,NA,NA,NA,NA,NA,NA,NA,NA,NA,NA,NA
A,E,5,E05,37,CACTGTCTCCAGCAGT,NA,NA,NA,NA,,NA,,NA,NA,NA,NA,NA,NA,NA,NA,NA,NA,NA,NA
A,F,5,F05,38,CAGCGTGTCCGGACGT,NA,NA,NA,NA,,NA,,NA,NA,NA,NA,NA,NA,NA,NA,NA,NA,NA,NA
A,G,5,G05,39,CATACTTTCGACCATA,NA,NA,NA,NA,,NA,,NA,NA,NA,NA,NA,NA,NA,NA,NA,NA,NA,NA
A,H,5,H05,48,CGGACACAGGATCACG,NA,NA,NA,NA,,NA,,NA,NA,NA,NA,NA,NA,NA,NA,NA,NA,NA,NA
A,A,6,A06,41,CATTGCCTCTAAACTG,NA,NA,NA,NA,,NA,,NA,NA,NA,NA,NA,NA,NA,NA,NA,NA,NA,NA
A,B,6,B06,42,CCACGTTTCTCTCGAC,NA,NA,NA,NA,,NA,,NA,NA,NA,NA,NA,NA,NA,NA,NA,NA,NA,NA
A,C,6,C06,43,CCCTCTCTCTTGGAAT,NA,NA,NA,NA,,NA,,NA,NA,NA,NA,NA,NA,NA,NA,NA,NA,NA,NA
A,D,6,D06,44,CCGTAGGAGACGATCA,NA,NA,NA,NA,,NA,,NA,NA,NA,NA,NA,NA,NA,NA,NA,NA,NA,NA
A,E,6,E06,45,CCTCATGAGATCGCTT,NA,NA,NA,NA,,NA,,NA,NA,NA,NA,NA,NA,NA,NA,NA,NA,NA,NA
A,F,6,F06,46,CGAAGGAAGCATTTGT,NA,NA,NA,NA,,NA,,NA,NA,NA,NA,NA,NA,NA,NA,NA,NA,NA,NA
A,G,6,G06,47,CGATGCGAGCTAAGTG,NA,NA,NA,NA,,NA,,NA,NA,NA,NA,NA,NA,NA,NA,NA,NA,NA,NA
A,H,6,H06,49,CGTAGTAAGGGTCTAA,NA,NA,NA,NA,,NA,,NA,NA,NA,NA,NA,NA,NA,NA,NA,NA,NA,NA
