plate,row,column,well, well_BC_ID,well_BC_seq,experiment,sample,cell_line,stimulus,inhibitor,inhib_conc_uM,inhib_conc,inhib_conc_text,replicate,staining,description,descript_rep
C,A,1,A01,1,AATAACACCTCGAATC,DS108,157,OCI-Ly8,PBS,iSYK,0,0 uM (nostain),0 uM iSYK (nostain),rep1,no,OCI-Ly8 - 0 uM iSYK (nostain) - PBS,OCI-Ly8 - 0 uM iSYK (nostain) - PBS - rep1
C,A,2,A02,9,TCGTTATGTCCTGCTT,DS108,158,OCI-Ly8,PBS,iSYK,0,0 uM (nostain),0 uM iSYK (nostain),rep2,no,OCI-Ly8 - 0 uM iSYK (nostain) - PBS,OCI-Ly8 - 0 uM iSYK (nostain) - PBS - rep2
C,A,3,A03,17,ACATCCCAGGTAGCAC,DS108,159,OCI-Ly8,PBS,iSYK,0,0 uM (nostain),0 uM iSYK (nostain),rep3,no,OCI-Ly8 - 0 uM iSYK (nostain) - PBS,OCI-Ly8 - 0 uM iSYK (nostain) - PBS - rep3
C,A,4,A04,25,AGGATAACAGTCATGT,DS108,160,OCI-Ly8,PBS,iBTK,0,0 uM (nostain),0 uM iBTK (nostain),rep1,no,OCI-Ly8 - 0 uM iBTK (nostain) - PBS,OCI-Ly8 - 0 uM iBTK (nostain) - PBS - rep1
C,A,5,A05,33,ATTCCATGTTAGGTAA,DS108,161,OCI-Ly8,PBS,iBTK,0,0 uM (nostain),0 uM iBTK (nostain),rep2,no,OCI-Ly8 - 0 uM iBTK (nostain) - PBS,OCI-Ly8 - 0 uM iBTK (nostain) - PBS - rep2
C,A,6,A06,41,CATTGCCTCTAAACTG,DS108,162,OCI-Ly8,PBS,iBTK,0,0 uM (nostain),0 uM iBTK (nostain),rep3,no,OCI-Ly8 - 0 uM iBTK (nostain) - PBS,OCI-Ly8 - 0 uM iBTK (nostain) - PBS - rep3
C,A,7,A07,8,TAAGCTCTCCCTCAGT,DS108,163,OCI-Ly8,PBS,iPI3Kd,0,0 uM (nostain),0 uM iPI3Kd (nostain),rep1,no,OCI-Ly8 - 0 uM iPI3Kd (nostain) - PBS,OCI-Ly8 - 0 uM iPI3Kd (nostain) - PBS - rep1
C,A,8,A08,57,GAACGTTCAGGTGGAT,DS108,164,OCI-Ly8,PBS,iPI3Kd,0,0 uM (nostain),0 uM iPI3Kd (nostain),rep2,no,OCI-Ly8 - 0 uM iPI3Kd (nostain) - PBS,OCI-Ly8 - 0 uM iPI3Kd (nostain) - PBS - rep2
C,A,9,A09,65,GCCATTCGTTACATCG,DS108,165,OCI-Ly8,PBS,iPI3Kd,0,0 uM (nostain),0 uM iPI3Kd (nostain),rep3,no,OCI-Ly8 - 0 uM iPI3Kd (nostain) - PBS,OCI-Ly8 - 0 uM iPI3Kd (nostain) - PBS - rep3
C,A,10,A10,73,GTAGAGGTCGTTACCC,DS108,166,OCI-Ly8,PBS,iNFkB,0,0 uM (nostain),0 uM iNFkB (nostain),rep1,no,OCI-Ly8 - 0 uM iNFkB (nostain) - PBS,OCI-Ly8 - 0 uM iNFkB (nostain) - PBS - rep1
C,A,11,A11,81,TACCCACAGGGCATGT,DS108,167,OCI-Ly8,PBS,iNFkB,0,0 uM (nostain),0 uM iNFkB (nostain),rep2,no,OCI-Ly8 - 0 uM iNFkB (nostain) - PBS,OCI-Ly8 - 0 uM iNFkB (nostain) - PBS - rep2
C,A,12,A12,89,TCCTCCCCAGGCGTTC,DS108,168,OCI-Ly8,PBS,iNFkB,0,0 uM (nostain),0 uM iNFkB (nostain),rep3,no,OCI-Ly8 - 0 uM iNFkB (nostain) - PBS,OCI-Ly8 - 0 uM iNFkB (nostain) - PBS - rep3
C,B,1,B01,2,ACTATCACTTGGCATG,DS108,169,OCI-Ly8,PBS,iSYK,0,0 uM (PBS),0 uM iSYK (PBS),rep1,yes,OCI-Ly8 - 0 uM iSYK (PBS) - PBS,OCI-Ly8 - 0 uM iSYK (PBS) - PBS - rep1
C,B,2,B02,10,TGTGAGTGCCTCACCA,DS108,170,OCI-Ly8,PBS,iSYK,0,0 uM (PBS),0 uM iSYK (PBS),rep2,yes,OCI-Ly8 - 0 uM iSYK (PBS) - PBS,OCI-Ly8 - 0 uM iSYK (PBS) - PBS - rep2
C,B,3,B03,18,ACCCTTGAGTATGACA,DS108,171,OCI-Ly8,PBS,iSYK,0,0 uM (PBS),0 uM iSYK (PBS),rep3,yes,OCI-Ly8 - 0 uM iSYK (PBS) - PBS,OCI-Ly8 - 0 uM iSYK (PBS) - PBS - rep3
C,B,4,B04,26,AGGGTTTCATCGATAC,DS108,172,OCI-Ly8,PBS,iBTK,0,0 uM (PBS),0 uM iBTK (PBS),rep1,yes,OCI-Ly8 - 0 uM iBTK (PBS) - PBS,OCI-Ly8 - 0 uM iBTK (PBS) - PBS - rep1
C,B,5,B05,34,ATTTCTGGTTGTACGT,DS108,173,OCI-Ly8,PBS,iBTK,0,0 uM (PBS),0 uM iBTK (PBS),rep2,yes,OCI-Ly8 - 0 uM iBTK (PBS) - PBS,OCI-Ly8 - 0 uM iBTK (PBS) - PBS - rep2
C,B,6,B06,42,CCACGTTTCTCTCGAC,DS108,174,OCI-Ly8,PBS,iBTK,0,0 uM (PBS),0 uM iBTK (PBS),rep3,yes,OCI-Ly8 - 0 uM iBTK (PBS) - PBS,OCI-Ly8 - 0 uM iBTK (PBS) - PBS - rep3
C,B,7,B07,50,CTAACCCAGTAGCAAC,DS108,175,OCI-Ly8,PBS,iPI3Kd,0,0 uM (PBS),0 uM iPI3Kd (PBS),rep1,yes,OCI-Ly8 - 0 uM iPI3Kd (PBS) - PBS,OCI-Ly8 - 0 uM iPI3Kd (PBS) - PBS - rep1
C,B,8,B08,58,GAATCGTCATCAGTGT,DS108,176,OCI-Ly8,PBS,iPI3Kd,0,0 uM (PBS),0 uM iPI3Kd (PBS),rep2,yes,OCI-Ly8 - 0 uM iPI3Kd (PBS) - PBS,OCI-Ly8 - 0 uM iPI3Kd (PBS) - PBS - rep2
C,B,9,B09,66,GCGTGCAGTTGCTAGT,DS108,177,OCI-Ly8,PBS,iPI3Kd,0,0 uM (PBS),0 uM iPI3Kd (PBS),rep3,yes,OCI-Ly8 - 0 uM iPI3Kd (PBS) - PBS,OCI-Ly8 - 0 uM iPI3Kd (PBS) - PBS - rep3
C,B,10,B10,74,GTCACGGTCTCGACCT,DS108,178,OCI-Ly8,PBS,iNFkB,0,0 uM (PBS),0 uM iNFkB (PBS),rep1,yes,OCI-Ly8 - 0 uM iNFkB (PBS) - PBS,OCI-Ly8 - 0 uM iNFkB (PBS) - PBS - rep1
C,B,11,B11,82,TACTGCCAGTAATTGG,DS108,179,OCI-Ly8,PBS,iNFkB,0,0 uM (PBS),0 uM iNFkB (PBS),rep2,yes,OCI-Ly8 - 0 uM iNFkB (PBS) - PBS,OCI-Ly8 - 0 uM iNFkB (PBS) - PBS - rep2
C,B,12,B12,90,TCGATTTCATAGTCGT,DS108,180,OCI-Ly8,PBS,iNFkB,0,0 uM (PBS),0 uM iNFkB (PBS),rep3,yes,OCI-Ly8 - 0 uM iNFkB (PBS) - PBS,OCI-Ly8 - 0 uM iNFkB (PBS) - PBS - rep3
C,C,1,C01,3,ATAACATGATCGACAC,DS108,181,OCI-Ly8,PBS,iSYK,0,0 uM (DMSO),0 uM iSYK (DMSO),rep1,yes,OCI-Ly8 - 0 uM iSYK (DMSO) - PBS,OCI-Ly8 - 0 uM iSYK (DMSO) - PBS - rep1
C,C,2,C02,11,AAACCCAAGAAACACT,DS108,182,OCI-Ly8,PBS,iSYK,0,0 uM (DMSO),0 uM iSYK (DMSO),rep2,yes,OCI-Ly8 - 0 uM iSYK (DMSO) - PBS,OCI-Ly8 - 0 uM iSYK (DMSO) - PBS - rep2
C,C,3,C03,19,ACGGTCGAGTGGCAGT,DS108,183,OCI-Ly8,PBS,iSYK,0,0 uM (DMSO),0 uM iSYK (DMSO),rep3,yes,OCI-Ly8 - 0 uM iSYK (DMSO) - PBS,OCI-Ly8 - 0 uM iSYK (DMSO) - PBS - rep3
C,C,4,C04,27,AGTAGCTCATTGCAGT,DS108,184,OCI-Ly8,PBS,iBTK,0,0 uM (DMSO),0 uM iBTK (DMSO),rep1,yes,OCI-Ly8 - 0 uM iBTK (DMSO) - PBS,OCI-Ly8 - 0 uM iBTK (DMSO) - PBS - rep1
C,C,5,C05,35,CAAGCTATCACAGCGT,DS108,185,OCI-Ly8,PBS,iBTK,0,0 uM (DMSO),0 uM iBTK (DMSO),rep2,yes,OCI-Ly8 - 0 uM iBTK (DMSO) - PBS,OCI-Ly8 - 0 uM iBTK (DMSO) - PBS - rep2
C,C,6,C06,43,CCCTCTCTCTTGGAAT,DS108,186,OCI-Ly8,PBS,iBTK,0,0 uM (DMSO),0 uM iBTK (DMSO),rep3,yes,OCI-Ly8 - 0 uM iBTK (DMSO) - PBS,OCI-Ly8 - 0 uM iBTK (DMSO) - PBS - rep3
C,C,7,C07,51,CTAGGTAAGTGCATAG,DS108,187,OCI-Ly8,PBS,iPI3Kd,0,0 uM (DMSO),0 uM iPI3Kd (DMSO),rep1,yes,OCI-Ly8 - 0 uM iPI3Kd (DMSO) - PBS,OCI-Ly8 - 0 uM iPI3Kd (DMSO) - PBS - rep1
C,C,8,C08,59,GACGTTACATTAGTCG,DS108,188,OCI-Ly8,PBS,iPI3Kd,0,0 uM (DMSO),0 uM iPI3Kd (DMSO),rep2,yes,OCI-Ly8 - 0 uM iPI3Kd (DMSO) - PBS,OCI-Ly8 - 0 uM iPI3Kd (DMSO) - PBS - rep2
C,C,9,C09,67,GCTTTCGTCAAGTCTG,DS108,189,OCI-Ly8,PBS,iPI3Kd,0,0 uM (DMSO),0 uM iPI3Kd (DMSO),rep3,yes,OCI-Ly8 - 0 uM iPI3Kd (DMSO) - PBS,OCI-Ly8 - 0 uM iPI3Kd (DMSO) - PBS - rep3
C,C,10,C10,75,GTCGCGATCTTCCGGC,DS108,190,OCI-Ly8,PBS,iNFkB,0,0 uM (DMSO),0 uM iNFkB (DMSO),rep1,yes,OCI-Ly8 - 0 uM iNFkB (DMSO) - PBS,OCI-Ly8 - 0 uM iNFkB (DMSO) - PBS - rep1
C,C,11,C11,83,TAGGGTTAGTGAACAT,DS108,191,OCI-Ly8,PBS,iNFkB,0,0 uM (DMSO),0 uM iNFkB (DMSO),rep2,yes,OCI-Ly8 - 0 uM iNFkB (DMSO) - PBS,OCI-Ly8 - 0 uM iNFkB (DMSO) - PBS - rep2
C,C,12,C12,91,TCGTAGACATGTCAGT,DS108,192,OCI-Ly8,PBS,iNFkB,0,0 uM (DMSO),0 uM iNFkB (DMSO),rep3,yes,OCI-Ly8 - 0 uM iNFkB (DMSO) - PBS,OCI-Ly8 - 0 uM iNFkB (DMSO) - PBS - rep3
C,D,1,D01,4,CAGCTAGATGAAGAAG,DS108,193,OCI-Ly8,PBS,iSYK,0.1,0.1 uM,0.1 uM iSYK,rep1,yes,OCI-Ly8 - 0.1 uM iSYK - PBS,OCI-Ly8 - 0.1 uM iSYK - PBS - rep1
C,D,2,D02,12,AACAAAGAGACTGATG,DS108,194,OCI-Ly8,PBS,iSYK,0.1,0.1 uM,0.1 uM iSYK,rep2,yes,OCI-Ly8 - 0.1 uM iSYK - PBS,OCI-Ly8 - 0.1 uM iSYK - PBS - rep2
C,D,3,D03,20,ACTATTCCAAATACGA,DS108,195,OCI-Ly8,PBS,iSYK,0.1,0.1 uM,0.1 uM iSYK,rep3,yes,OCI-Ly8 - 0.1 uM iSYK - PBS,OCI-Ly8 - 0.1 uM iSYK - PBS - rep3
C,D,4,D04,28,AGTTAGCGTAGACAGC,DS108,196,OCI-Ly8,PBS,iBTK,0.1,0.1 uM,0.1 uM iBTK,rep1,yes,OCI-Ly8 - 0.1 uM iBTK - PBS,OCI-Ly8 - 0.1 uM iBTK - PBS - rep1
C,D,5,D05,36,CACATGATCAGTCGAC,DS108,197,OCI-Ly8,PBS,iBTK,0.1,0.1 uM,0.1 uM iBTK,rep2,yes,OCI-Ly8 - 0.1 uM iBTK - PBS,OCI-Ly8 - 0.1 uM iBTK - PBS - rep2
C,D,6,D06,44,CCGTAGGAGACGATCA,DS108,198,OCI-Ly8,PBS,iBTK,0.1,0.1 uM,0.1 uM iBTK,rep3,yes,OCI-Ly8 - 0.1 uM iBTK - PBS,OCI-Ly8 - 0.1 uM iBTK - PBS - rep3
C,D,7,D07,52,CTCAGTCCAAACTAGA,DS108,199,OCI-Ly8,PBS,iPI3Kd,0.1,0.1 uM,0.1 uM iPI3Kd,rep1,yes,OCI-Ly8 - 0.1 uM iPI3Kd - PBS,OCI-Ly8 - 0.1 uM iPI3Kd - PBS - rep1
C,D,8,D08,60,GAGATGGGTACGTGTT,DS108,200,OCI-Ly8,PBS,iPI3Kd,0.1,0.1 uM,0.1 uM iPI3Kd,rep2,yes,OCI-Ly8 - 0.1 uM iPI3Kd - PBS,OCI-Ly8 - 0.1 uM iPI3Kd - PBS - rep2
C,D,9,D09,68,GGAGGTATCAGGAAGC,DS108,201,OCI-Ly8,PBS,iPI3Kd,0.1,0.1 uM,0.1 uM iPI3Kd,rep3,yes,OCI-Ly8 - 0.1 uM iPI3Kd - PBS,OCI-Ly8 - 0.1 uM iPI3Kd - PBS - rep3
C,D,10,D10,76,GTGAGTTAGACCATAG,DS108,202,OCI-Ly8,PBS,iNFkB,0.1,0.1 uM,0.1 uM iNFkB,rep1,yes,OCI-Ly8 - 0.1 uM iNFkB - PBS,OCI-Ly8 - 0.1 uM iNFkB - PBS - rep1
C,D,11,D11,84,TATCTTGAGTTTCCAA,DS108,203,OCI-Ly8,PBS,iNFkB,0.1,0.1 uM,0.1 uM iNFkB,rep2,yes,OCI-Ly8 - 0.1 uM iNFkB - PBS,OCI-Ly8 - 0.1 uM iNFkB - PBS - rep2
C,D,12,D12,92,TCTCAGCGTACCGCTG,DS108,204,OCI-Ly8,PBS,iNFkB,0.1,0.1 uM,0.1 uM iNFkB,rep3,yes,OCI-Ly8 - 0.1 uM iNFkB - PBS,OCI-Ly8 - 0.1 uM iNFkB - PBS - rep3
C,E,1,E01,5,CGCCGAGAAACAGACA,DS108,205,OCI-Ly8,PBS,iSYK,1,1 uM,1 uM iSYK,rep1,yes,OCI-Ly8 - 1 uM iSYK - PBS,OCI-Ly8 - 1 uM iSYK - PBS - rep1
C,E,2,E02,13,AACCTTTAGATGGGCT,DS108,206,OCI-Ly8,PBS,iSYK,1,1 uM,1 uM iSYK,rep2,yes,OCI-Ly8 - 1 uM iSYK - PBS,OCI-Ly8 - 1 uM iSYK - PBS - rep2
C,E,3,E03,21,ACTTCGCCAAGGTTTC,DS108,207,OCI-Ly8,PBS,iSYK,1,1 uM,1 uM iSYK,rep3,yes,OCI-Ly8 - 1 uM iSYK - PBS,OCI-Ly8 - 1 uM iSYK - PBS - rep3
C,E,4,E04,29,ATCACAGGTCAACCAT,DS108,208,OCI-Ly8,PBS,iBTK,1,1 uM,1 uM iBTK,rep1,yes,OCI-Ly8 - 1 uM iBTK - PBS,OCI-Ly8 - 1 uM iBTK - PBS - rep1
C,E,5,E05,37,CACTGTCTCCAGCAGT,DS108,209,OCI-Ly8,PBS,iBTK,1,1 uM,1 uM iBTK,rep2,yes,OCI-Ly8 - 1 uM iBTK - PBS,OCI-Ly8 - 1 uM iBTK - PBS - rep2
C,E,6,E06,45,CCTCATGAGATCGCTT,DS108,210,OCI-Ly8,PBS,iBTK,1,1 uM,1 uM iBTK,rep3,yes,OCI-Ly8 - 1 uM iBTK - PBS,OCI-Ly8 - 1 uM iBTK - PBS - rep3
C,E,7,E07,53,CTCCTCCCAAGCGTCC,DS108,211,OCI-Ly8,PBS,iPI3Kd,1,1 uM,1 uM iPI3Kd,rep1,yes,OCI-Ly8 - 1 uM iPI3Kd - PBS,OCI-Ly8 - 1 uM iPI3Kd - PBS - rep1
C,E,8,E08,61,GAGTGTTGTATGGTAA,DS108,212,OCI-Ly8,PBS,iPI3Kd,1,1 uM,1 uM iPI3Kd,rep2,yes,OCI-Ly8 - 1 uM iPI3Kd - PBS,OCI-Ly8 - 1 uM iPI3Kd - PBS - rep2
C,E,9,E09,69,GGGACAATCCACAGCG,DS108,213,OCI-Ly8,PBS,iPI3Kd,1,1 uM,1 uM iPI3Kd,rep3,yes,OCI-Ly8 - 1 uM iPI3Kd - PBS,OCI-Ly8 - 1 uM iPI3Kd - PBS - rep3
C,E,10,E10,77,GTGGGAAAGATACAGC,DS108,214,OCI-Ly8,PBS,iNFkB,1,1 uM,1 uM iNFkB,rep1,yes,OCI-Ly8 - 1 uM iNFkB - PBS,OCI-Ly8 - 1 uM iNFkB - PBS - rep1
C,E,11,E11,85,TCAATTCCAAGACGAC,DS108,215,OCI-Ly8,PBS,iNFkB,1,1 uM,1 uM iNFkB,rep2,yes,OCI-Ly8 - 1 uM iNFkB - PBS,OCI-Ly8 - 1 uM iNFkB - PBS - rep2
C,E,12,E12,93,TGAACGTGTATCGAGG,DS108,216,OCI-Ly8,PBS,iNFkB,1,1 uM,1 uM iNFkB,rep3,yes,OCI-Ly8 - 1 uM iNFkB - PBS,OCI-Ly8 - 1 uM iNFkB - PBS - rep3
C,F,1,F01,6,GATATAACTGGTTGCT,DS108,217,OCI-Ly8,PBS,iSYK,10,10 uM,10 uM iSYK,rep1,yes,OCI-Ly8 - 10 uM iSYK - PBS,OCI-Ly8 - 10 uM iSYK - PBS - rep1
C,F,2,F02,14,AAGCCATAGCCGAGGT,DS108,218,OCI-Ly8,PBS,iSYK,10,10 uM,10 uM iSYK,rep2,yes,OCI-Ly8 - 10 uM iSYK - PBS,OCI-Ly8 - 10 uM iSYK - PBS - rep2
C,F,3,F03,22,AGACAGGCACATACCA,DS108,219,OCI-Ly8,PBS,iSYK,10,10 uM,10 uM iSYK,rep3,yes,OCI-Ly8 - 10 uM iSYK - PBS,OCI-Ly8 - 10 uM iSYK - PBS - rep3
C,F,4,F04,30,ATCGATGGTCGAGATG,DS108,220,OCI-Ly8,PBS,iBTK,10,10 uM,10 uM iBTK,rep1,yes,OCI-Ly8 - 10 uM iBTK - PBS,OCI-Ly8 - 10 uM iBTK - PBS - rep1
C,F,5,F05,38,CAGCGTGTCCGGACGT,DS108,221,OCI-Ly8,PBS,iBTK,10,10 uM,10 uM iBTK,rep2,yes,OCI-Ly8 - 10 uM iBTK - PBS,OCI-Ly8 - 10 uM iBTK - PBS - rep2
C,F,6,F06,46,CGAAGGAAGCATTTGT,DS108,222,OCI-Ly8,PBS,iBTK,10,10 uM,10 uM iBTK,rep3,yes,OCI-Ly8 - 10 uM iBTK - PBS,OCI-Ly8 - 10 uM iBTK - PBS - rep3
C,F,7,F07,54,CTGCAGGCACACTACA,DS108,223,OCI-Ly8,PBS,iPI3Kd,10,10 uM,10 uM iPI3Kd,rep1,yes,OCI-Ly8 - 10 uM iPI3Kd - PBS,OCI-Ly8 - 10 uM iPI3Kd - PBS - rep1
C,F,8,F08,62,GATCGTAGTCCTCATC,DS108,224,OCI-Ly8,PBS,iPI3Kd,10,10 uM,10 uM iPI3Kd,rep2,yes,OCI-Ly8 - 10 uM iPI3Kd - PBS,OCI-Ly8 - 10 uM iPI3Kd - PBS - rep2
C,F,9,F09,70,GGGCTCATCCGATAGT,DS108,225,OCI-Ly8,PBS,iPI3Kd,10,10 uM,10 uM iPI3Kd,rep3,yes,OCI-Ly8 - 10 uM iPI3Kd - PBS,OCI-Ly8 - 10 uM iPI3Kd - PBS - rep3
C,F,10,F10,78,GTTACGAAGCATAGAC,DS108,226,OCI-Ly8,PBS,iNFkB,10,10 uM,10 uM iNFkB,rep1,yes,OCI-Ly8 - 10 uM iNFkB - PBS,OCI-Ly8 - 10 uM iNFkB - PBS - rep1
C,F,11,F11,86,TCAGGGCCACAACGAG,DS108,227,OCI-Ly8,PBS,iNFkB,10,10 uM,10 uM iNFkB,rep2,yes,OCI-Ly8 - 10 uM iNFkB - PBS,OCI-Ly8 - 10 uM iNFkB - PBS - rep2
C,F,12,F12,94,TGAGGAGGTCCCGTGA,DS108,228,OCI-Ly8,PBS,iNFkB,10,10 uM,10 uM iNFkB,rep3,yes,OCI-Ly8 - 10 uM iNFkB - PBS,OCI-Ly8 - 10 uM iNFkB - PBS - rep3
C,G,1,G01,7,GCGGACTGTTTGTCGA,DS108,229,OCI-Ly8,PBS,iSYK,100,100 uM,100 uM iSYK,rep1,yes,OCI-Ly8 - 100 uM iSYK - PBS,OCI-Ly8 - 100 uM iSYK - PBS - rep1
C,G,2,G02,15,AATCACGAGCTCCACG,DS108,230,OCI-Ly8,PBS,iSYK,100,100 uM,100 uM iSYK,rep2,yes,OCI-Ly8 - 100 uM iSYK - PBS,OCI-Ly8 - 100 uM iSYK - PBS - rep2
C,G,3,G03,23,AGATCGTCACGTTCGG,DS108,231,OCI-Ly8,PBS,iSYK,100,100 uM,100 uM iSYK,rep3,yes,OCI-Ly8 - 100 uM iSYK - PBS,OCI-Ly8 - 100 uM iSYK - PBS - rep3
C,G,4,G04,31,ATGACCAGTGACAGGT,DS108,232,OCI-Ly8,PBS,iBTK,100,100 uM,100 uM iBTK,rep1,yes,OCI-Ly8 - 100 uM iBTK - PBS,OCI-Ly8 - 100 uM iBTK - PBS - rep1
C,G,5,G05,39,CATACTTTCGACCATA,DS108,233,OCI-Ly8,PBS,iBTK,100,100 uM,100 uM iBTK,rep2,yes,OCI-Ly8 - 100 uM iBTK - PBS,OCI-Ly8 - 100 uM iBTK - PBS - rep2
C,G,6,G06,47,CGATGCGAGCTAAGTG,DS108,234,OCI-Ly8,PBS,iBTK,100,100 uM,100 uM iBTK,rep3,yes,OCI-Ly8 - 100 uM iBTK - PBS,OCI-Ly8 - 100 uM iBTK - PBS - rep3
C,G,7,G07,55,CTGTAGACACGGATTT,DS108,235,OCI-Ly8,PBS,iPI3Kd,100,100 uM,100 uM iPI3Kd,rep1,yes,OCI-Ly8 - 100 uM iPI3Kd - PBS,OCI-Ly8 - 100 uM iPI3Kd - PBS - rep1
C,G,8,G08,63,GATTTCTGTCTTGGTA,DS108,236,OCI-Ly8,PBS,iPI3Kd,100,100 uM,100 uM iPI3Kd,rep2,yes,OCI-Ly8 - 100 uM iPI3Kd - PBS,OCI-Ly8 - 100 uM iPI3Kd - PBS - rep2
C,G,9,G09,71,GGTAATCTCGAACATT,DS108,237,OCI-Ly8,PBS,iPI3Kd,100,100 uM,100 uM iPI3Kd,rep3,yes,OCI-Ly8 - 100 uM iPI3Kd - PBS,OCI-Ly8 - 100 uM iPI3Kd - PBS - rep3
C,G,10,G10,79,GTTGCTCAGCGTATAG,DS108,238,OCI-Ly8,PBS,iNFkB,100,100 uM,100 uM iNFkB,rep1,yes,OCI-Ly8 - 100 uM iNFkB - PBS,OCI-Ly8 - 100 uM iNFkB - PBS - rep1
C,G,11,G11,87,TCATGCCCACGAGGAT,DS108,239,OCI-Ly8,PBS,iNFkB,100,100 uM,100 uM iNFkB,rep2,yes,OCI-Ly8 - 100 uM iNFkB - PBS,OCI-Ly8 - 100 uM iNFkB - PBS - rep2
C,G,12,G12,95,TGCACGGGTCTGCGCA,DS108,240,OCI-Ly8,PBS,iNFkB,100,100 uM,100 uM iNFkB,rep3,yes,OCI-Ly8 - 100 uM iNFkB - PBS,OCI-Ly8 - 100 uM iNFkB - PBS - rep3
C,H,1,H01,16,ACAAAGAAGGCAGGTT,NA,NA,NA,NA,NA,NA,NA,NA,NA,NA,NA,NA
C,H,2,H02,24,AGCGTATCAGATTGGG,NA,NA,NA,NA,NA,NA,NA,NA,NA,NA,NA,NA
C,H,3,H03,32,ATGGGTTGTGGCGATA,NA,NA,NA,NA,NA,NA,NA,NA,NA,NA,NA,NA
C,H,4,H04,40,CATGCAATCGGAGGTG,NA,NA,NA,NA,NA,NA,NA,NA,NA,NA,NA,NA
C,H,5,H05,48,CGGACACAGGATCACG,NA,NA,NA,NA,NA,NA,NA,NA,NA,NA,NA,NA
C,H,6,H06,49,CGTAGTAAGGGTCTAA,NA,NA,NA,NA,NA,NA,NA,NA,NA,NA,NA,NA
C,H,7,H07,56,CTTCGGTCAGAGGAAA,NA,NA,NA,NA,NA,NA,NA,NA,NA,NA,NA,NA
C,H,8,H08,64,GCAGTTAGTGGAACCA,NA,NA,NA,NA,NA,NA,NA,NA,NA,NA,NA,NA
C,H,9,H09,72,GGTTCTCTCGCTGACG,NA,NA,NA,NA,NA,NA,NA,NA,NA,NA,NA,NA
C,H,10,H10,80,TAAGCACAGGAGAATG,NA,NA,NA,NA,NA,NA,NA,NA,NA,NA,NA,NA
C,H,11,H11,88,TCCATCGCAGACCAGA,NA,NA,NA,NA,NA,NA,NA,NA,NA,NA,NA,NA
C,H,12,H12,96,TGCGGGTGTGCGTCGT,NA,NA,NA,NA,NA,NA,NA,NA,NA,NA,NA,NA
